Id,Name,Password,DOB
2,p,pav,12/12/1234
3,pav,123,12/12/1234
5,p,q,12/12/1234
12,pav,q,12/12/1234
23,pav,q,12/12/1234
123,prasad,pass,30/04/1999
1,pavn,q,12/12/1234
1234,pav,p,12/12/1234
1239,p,q,12/12/1234
121,pavan,abc,31/03/1999
10,John,2,1/1/2023
12,Doe,3,2/2/2023
10,John,2,1/1/2023
12,Doe,3,2/2/2023
67,xyz,123,31/08/1999
78,Pav,123,01/01/1999
87,Pav,123,01/01/2000
878,abc,123,01/01/2000
91,qwe,1234,01/10/1298
1,pav,000,01/01/2000
100,pav,000,01/01/1000
1001,pvs,000,01/01/1000
9000,fbvd,000,01/01/1000
234,pav,000,01/01/2000